ID;Brand;Color;Class;Type
1;Lancia;White;Rear;Hatchback
2;Toyota;Silver;Rear;Sedan
3;Lexus;Black;Rear;Sedan
4;Volkswagen;Black;Rear;Hatchback
5;Kia;Black;Rear;Kombi
6;Seat;Blue;Rear;Hatchback
7;Toyota;Blue;Rear;Kombi
8;Toyota;Blue;Rear;Kombi
9;Hyundai;Silver;Rear;Hatchback
10;Ford;Silver;Rear;VAN
11;Peugeot;Black;Rear;Hatchback
12;BMW;Black;Rear;Sedan
13;Volkswagen;Silver;Rear;Hatchback
14;Ford;Black;Rear;Hatchback
15;Volkswagen;Black;Rear;Hatchback
16;Hyundai;Red;Rear;SUV
17;AUDI;Silver;Rear;Coupe
18;Mercedes;Blue;Rear;Hatchback
19;Peugeot;Silver;Rear;Hatchback
20;Skoda;White;Rear;Kombi
21;IVECO;Orange;Rear;Minibus
22;Mitsubishi;Black;Rear;SUV
23;Kia;Black;Rear;Hatchback
24;Audi;Black;Rear;Hatchback
25;Mercedes;Silver;Rear;Sedan
26;Honda;Red;Rear;Kombi
27;Honda;Beige;Rear;Sedan
28;Toyota;Silver;Rear;Hatchback
29;Renault;Black;Rear;Liftback
30;Toyota;White;Rear;Kombi
31;Ford;White;Rear;Kombi
32;BMW;Silver;Rear;Sedan
33;Mercedes;Silver;Rear;Kombi
34;Opel;Silver;Rear;Hatchback
35;Volvo;Silver;Rear;SUV
36;Toyota;Silver;Rear;Sedan
37;Peugeot;Silver;Rear;Hatchback
38;Subaru;Black;Rear;Coupe
39;Volkswagen;Silver;Rear;Kombi
40;Renault;Red;Front;Coupe
41;Fiat;Yellow;Front;Hatchback
42;Peugeot;Silver;Front;SUV
43;Opel;Black;Front;Coupe
44;Audi;White;Front;SUV
45;Skoda;Gray;Front;Sedan
46;Ford;Silver;Front;Kombi
47;Skoda;Black;Front;Kombi
48;Audi;Blue;Front;Hatchback
49;Volkswagen;Black;Front;Hatchback
50;Ford;Black;Front;Hatchback
51;Kia;Gray;Front;Hatchback
52;Citroen;Blue;Front;Kombi
53;Fiat;Black;Front;Hatchback
54;Skoda;Gray;Front;Hatchback
55;Skoda;Red;Front;Hatchback
56;Toyota;Blue;Front;SUV
57;Toyota;Gray;Front;Hatchback
58;BMW;Black;Front;Sedan
59;Ford;Silver;Front;MPV
60;Skoda;Gray;Front;Sedan
61;Hyundai;Silver;Front;SUV
62;Hyundai;Silver;Front;SUV
63;Mitsubishi;Black;Front;SUV
64;Skoda;Beige;Front;Hatchback
65;Audi;Black;Front;Hatchback
66;Mercedes;Gray;Front;Sedan
67;Honda;Orange;Front;Kombi
68;Honda;Silver;Front;Sedan
69;Renault;Gray;Front;Coupe
70;Toyota;Gray;Front;Hatchback
71;Toyota;White;Front;SUV
72;Ford;White;Front;Kombi
73;BMW;Silver;Front;Sedan
74;BMW;Silver;Front;Sedan
75;Mercedes;White;Front;Sedan
76;Hyundai;Red;Front;SUV
77;Opel;Silver;Front;Hatchback
78;Opel;Silver;Front;Hatchback
79;Volvo;Silver;Front;SUV
80;Kia;Red;Front;Hatchback
81;Toyota;Gray;Front;Coupe
82;Volkswagen;Silver;Front;Kombi
83;Citroen;Blue;Front;Kombi
84;Skoda;Blue;Side;Hatchback
85;Honda;Beige;Side;Hatchback
86;Kia;Gray;Side;SUV
87;Iveco;Blue;Side;Minibus
88;Dacia;Blue;Side;Kombi
89;Fiat;White;Side;Minibus
90;Mercedes;Red;Side;Hatchback
91;Audi;White;Side;SUV
92;Ford;Gray;Side;Hatchback
93;Mercedes;White;Side;VAN
94;Mitsubishi;Black;Side;SUV
95;Kia;Black;Side;Kombi
96;Skoda;Silver;Side;Kombi
97;Audi;Gray;Side;Hatchback
98;Mercedes;Gray;Side;Sedan
99;Honda;Orange;Side;Kombi
100;Honda;Silver;Side;Sedan
101;Toyota;Gray;Side;Hatchback
102;Toyota;White;Side;VAN
103;Ford;White;Side;Kombi
104;BMW;Silver;Side;Sedan
105;Opel;Silver;Side;Hatchback
106;Mercedes;White;Side;Kombi
107;Hyundai;Red;Side;SUV
108;Opel;Silver;Side;Hatchback
109;Volvo;Silver;Side;SUV
110;Kia;Red;Side;Hatchback
111;Toyota;Silver;Side;Sedan
112;Peugeot;Silver;Side;Hatchback
113;Toyota;Black;Side;Coupe
114;Volkswagen;Silver;Side;Kombi
115;Peugeot;White;Side;MPV
116;Peugeot;White;Front;MPV
117;Renault;Black;Front;Sedan
118;Citroen;White;Rear;Hatchback
119;Toyota;Gray;Front;Kombi
120;Fiat;Orange;Rear;Hatchback
121;Volvo;Black;Side;Sedan
122;Volvo;Black;Front;Sedan
123;Opel;Black;Side;Kombi
124;Opel;Black;Rear;Kombi
125;Opel;Black;Front;Sedan
126;Toyota;Gray;Rear;Kombi
127;Subaru;Black;Rear;Kombi
128;Seat;Gray;Rear;Hatchback
129;Seat;Gray;Side;Hatchback
130;Subaru;Black;Side;Kombi
131;Kia;Black;Rear;Hatchback
132;Fiat;Red;Front;Hatchback
133;Mazda;Silver;Side;Kombi
134;Mazda;Silver;Front;Kombi
135;Opel;Silver;Front;Kombi
136;Renault;Bronze;Front;Kombi
137;Peugeot;White;Front;SUV
138;Mazda;Blue;Front;SUV
139;Seat;Yellow;Side;Hatchback
140;Seat;Yellow;Front;Hatchback
141;Seat;Yellow;Rear;Hatchback
142;Kia;Silver;Front;Hatchback
143;Kia;Silver;Side;Hatchback
144;Kia;Silver;Rear;Hatchback
145;Kia;Silver;Side;Hatchback
146;Citroen;White;Side;VAN
147;Skoda;Bronze;Side;Kombi
148;Mazda;Silver;Side;Hatchback
149;Mazda;Silver;Rear;Hatchback
150;Opel;Red;Front;Hatchback
151;Opel;Red;Rear;Hatchback
152;Toyota;White;Side;Hatchback
153;Toyota;Black;Side;Sedan
154;Fiat;Silver;Rear;SUV
155;Nissan;White;Rear;SUV
156;Land Rover;Black;Rear;SUV
157;Mercedes;Blue;Rear;Coupe
158;Volkswagen;Silver;Rear;Kombi
159;Opel;White;Rear;VAN
160;Chrysler;Red;Rear;VAN
161;Citroen;Red;Rear;Hatchback
162;FSO;Red;Rear;Hatchback
163;Kia;Silver;Rear;Hatchback
164;Renault;Green;Rear;Hatchback
165;Nissan;Black;Side;SUV
166;Nissan;Black;Rear;SUV
167;BMW;White;Side;SUV
168;Opel;Blue;Side;VAN
169;Renault;Blue;Front;Kombi
170;Renault;Blue;Side;Kombi
171;Renault;Blue;Rear;Kombi
172;Hyundai;Black;Side;Hatchback
173;Peugeot;White;Side;SUV
174;Toyota;Beige;Side;Sedan
175;Toyota;Beige;Front;Sedan
176;Suzuki;Black;Rear;SUV
177;Seat;Black;Front;SUV
178;Volkswagen;Black;Front;Sedan
179;Volkswagen;Black;Side;Sedan
180;Volkswagen;Blue;Side;Hatchback
181;Volkswagen;Blue;Front;Hatchback
182;Toyota;Black;Side;Sedan
183;Toyota;Black;Rear;Sedan
184;Toyota;Black;Front;Sedan
185;Opel;Blue;Front;Coupe
186;Opel;Blue;Side;Coupe
187;Kia;Beuge;Side;Sedan
188;Kia;Beuge;Front;Sedan
189;Opel;Gray;Rear;SUV
190;Chrysler;Black;Side;MPV
191;Opel;Gray;Side;MPV
192;Ford;Blue;Side;Kombi
193;Skoda;White;Side;Kombi
194;Volkswagen;White;Side;MPV
195;Kia;Black;Side;Kombi
196;Chevrolet;Gray;Side;Kombi
197;Volkswagen;Gray;Side;Kombi
198;Toyota;Gray;Side;Hatchack
199;Toyota;Blue;Side;Kombi
200;Opel;Orange;Side;Hatchback
201;Renault;Red;Side;Sedan
202;Skoda;Black;Side;Kombi
203;Nissan;White;Side;SUV
204;Peugeot;Black;Side;Kombi
205;Nissan;White;Rear;SUV
206;Peugeot;Black;Rear;Kombi
207;Renault;Red;Rear;Sedan
208;Toyota;Silver;Front;Coupe
209;N/A;White;Front;Sedan
210;BMW;Black;Rear;Sedan
211;N/A;Blue;Side;Sedan
212;Mercedes;Black;Front;Sedan
213;BMW;Silver;Side;Sedan
214;Audi;Silver;Front;Sedan
215;Mercedes;Yellow;Front;Sedan
216;N/A;Silver;Front;Sedan
217;BMW;White;Rear;Sedan
218;Audi;Black;Front;Sedan
219;BMW;Silver;Front;Sedan
220;Mercedes;Gray;Front;Sedan
221;Volkswagen;Black;Side;Sedan
222;Audi;Black;Front;Sedan
223;Mercedes;Blue;Front;Sedan
224;Mercedes;Beuge;Front;Sedan
225;Audi;Black;Front;Sedan
226;Mercedes;Black;Side;Sedan
227;Opel;Black;Front;Sedan
228;Honda;Beuge;Rear;Hatchback
229;Renault;Beuge;Front;Sedan
230;Ford;Silver;Front;Kombi
231;Citroen;Black;Side;Hatchback
232;Skoda;Green;Front;Hatchback
233;Mercedes;Silver;Side;Sedan
234;Mercedes;Silver;Front;Sedan
235;N/A;Blue;Side;VAN
236;Volkswagen;Black;Side;SUV
237;Ford;Blue;Side;Kombi
238;N/A;Gray;Side;Hatchback
239;N/A;White;Side;VAN
240;BMW;Black;Front;SUV
241;Ford;Beuge;Side;Sedan
242;Volvo;Black;Rear;Hatchback
243;Skoda;Blue;Front;Kombi
244;Honda;Blue;Side;Kombi
245;Seat;Gray;Front;Kombi
246;Citroen;Blue;Side;Hatchback
247;Volvo;Black;Side;Kombi
248;Peugeot;Green;Front;Kombi
249;Peugeot;Green;Side;Kombi
250;Audi;Blue;Rear;Hatchback
251;Mazda;Gray;Front;Kombi
252;Audi;Blue;Side;Hatchback
253;Audi;Blue;Front;Hatchback
254;Citroen;Silver;Front;Kombi
255;Mercedes;White;Rear;Sedan
256;Mercedes;White;Front;Sedan
257;Mazda;Gray;Rear;Sedan
258;Audi;White;Side;SUV
259;N/A;Gray;Side;Kombi
260;Skoda;Gray;Side;Kombi
261;Ford;Black;Side;Kombi
262;Ford;Gray;Rear;Kombi
263;Ford;White;Front;SUV
264;Ford;Black;Front;Coupe
265;Porshe;Black;Rear;Coupe
266;Ford;Black;Side;Coupe
267;Ferrari;Yellow;Side;Coupe
268;N/A;Orange;Side;Coupe
269;BMW;Silver;Front;Coupe
270;N/A;Red;Front;Coupe
271;N/A;Black;Side;Coupe
272;N/A;Blue;Side;Hatchback
273;N/A;N/A;Others;N/A
274;N/A;White;Rear;Coupe
275;BMW;Blue;Side;Coupe
276;N/A;White;Front;N/A
277;N/A;Black;Rear;Coupe
278;Audi;Black;Front;N/A
279;Hyundai;Red;Front;N/A
280;Chevrolet;White;Front;N/A
281;Mercedes;Silver;Front;N/A
282;N/A;Red;Side;Coupe
283;N/A;Silver;Side;Hatchback
284;Skoda;Silver;Rear;N/A
285;Volkswagen;White;Rear;SUV
286;N/A;Black;Side;SUV
287;Skoda;Blue;Front;Hatchback
288;Dacia;Blue;Front;N/A
289;N/A;White;Rear;SUV
290;Citroen;Grey;Front;Hatchback
291;Volkswagen;White;Rear;SUV
292;Renault;White;Front;Hatchback
293;N/A;White;Rear;Hatchback
294;N/A;White;Rear;SUV
295;Citroen;Silver;Rear;Sedan
296;Citroen;Silver;Rear;Sedan
297;N/A;Black;Rear;Kombi
298;Honda;White;Rear;Coupe
299;Honda;White;Rear;Coupe
300;Opel;Blue;Front;N/A
301;N/A;White;Front;VAN
302;Volkswagen;Black;Front;Sedan
303;Volkswagen;Blue;Rear;SUV
304;Audi;Black;Rear;SUV
305;Kia;Black;Rear;N/A
306;Opel;Blue;Front;Hatchback
307;N/A;Silver;Front;SUV
308;Opel;Blue;Front;Sedan
309;Audi;Black;Rear;Sedan
310;Mercedes;Black;Rear;SUV
311;Mercedes;Black;Front;SUV
312;Mercedes;Black;Front;Sedan
313;Volvo;Black;Front;SUV
314;Honda;Black;Front;Hatchback
315;Nissan;White;Front;SUV
316;Subaru;Blue;Rear;N/A
317;N/A;Silver;Front;Hatchback
318;Nissan;Beuge;Front;Hatchback
319;Opel;Black;Front;Kombi
320;N/A;Beuge;Rear;SUV
321;Kia;Black;Rear;SUV
322;Mercedes;Silver;Rear;Sedan
323;Nissan;Beuge;Rear;SUV
324;Renault;Blue;Rear;Coupe
325;Honda;Silver;Front;N/A
326;Fiat;Black;Rear;Hatchback
327;N/A;Grey;Rear;Kombi
328;Subaru;Blue;Rear;SUV
329;Mazda;Silver;Rear;Sedan
330;N/A;Silver;Rear;Sedan
331;N/A;Orange;Others;N/A
332;N/A;Red;Others;N/A
333;N/A;N/A;Others;N/A
334;N/A;N/A;Others;N/A
335;Volkswagen;Black;Rear;Kombi
336;N/A;N/A;Others;N/A
337;N/A;N/A;Others;N/A
338;Volvo;Blue;Rear;SUV
339;Renault;Black;Front;Hatchback
340;Skoda;Grey;Rear;Hatchback
341;N/A;N/A;Others;N/A
342;Volkswagen;Black;Front;Sedan
343;Seat;White;Front;Hatchback
344;N/A;Blue;Rear;Kombi
345;Skoda;Blue;Rear;Sedan
346;Toyota;Blue;Rear;Hatchback
347;Opel;N/A;Rear;Hatchback
348;Fiat;Black;Rear;Hatchback
349;Peugeot;Silver;Rear;Hatchback
350;N/A;Black;Rear;Hatchback
351;Peugeot;White;Rear;SUV
352;Volvo;Brown;Rear;SUV
353;Skoda;Blue;Rear;Sedan
354;Peugeot;Black;Rear;Hatchback
355;Opel;Black;Rear;Hatchback
356;Toyota;Brown;Rear;Kombi
357;Toyota;Brown;Rear;Kombi
358;Volkswagen;Black;Rear;Kombi
359;Volkswagen;Black;Rear;Kombi
360;Volkswagen;Black;Rear;Kombi
361;Opel;Silver;Rear;Hatchback
362;Volkswagen;Black;Rear;Hatchback
363;Citroen;Blue;Rear;MPV
364;Citroen;Grey;Front;N/A
365;Fiat;Green;Rear;MPV
366;Others;Others;Others;N/A
367;Opel;Black;Front;Coupe
368;N/A;Silver;Side;Sedan
369;Mini;Red;Front;Hatchback
370;BMW;Blue;Front;N/A
371;Mazda;White;Front;Coupe
372;N/A;Black;Side;N/A
373;N/A;Red;Side;N/A
374;N/A;Red;Side;N/A
375;N/A;Red;Side;N/A
376;N/A;Orange;Side;N/A
377;N/A;N/A;Front;N/A
378;Volkswagen;Blue;Front;Hatchback
379;N/A;White;Side;N/A
380;N/A;Orange;Side;N/A
381;Ford;Silver;Front;Hatchback
382;renault;Blue;Front;Hatchback
383;bmw;Silver;Front;N/A
384;N/A;green;Side;N/A
385;N/A;red;Side;N/A
386;N/A;Silver;Front;N/A
387;N/A;Silver;Side;N/A
388;Lexus;Black;Front;N/A
389;N/A;Black;Side;Coupe
390;N/A;Silver;Rear;N/A
391;N/A;N/A;Rear;N/A
392;Nissan;Black;Rear;N/A
393;N/A;Silver;Front;N/A
394;N/A;Silver;Front;N/A
395;Other;Gray;Rear;Kombi
396;N/A;red;Front;N/A
397;N/A;Black;Side;N/A
398;N/A;Black;Side;N/A
399;Black;White;Front;VAN
400;N/A;red;Side;Coupe
401;Peugeot;Black;Front;N/A
402;N/A;Blue;Side;N/A
403;N/A;Blue;Front;N/A
404;N/A;green;Front;Suv
405;N/A;N/A;Front;N/A
406;BMW;Red;Front;N/A
407;Other;Yellow;Front;Coupe
408;Audi;Silver;Front;N/A
409;Audi;Silver;Front;N/A
410;BMW;Silver;Front;N/A
411;N/A;Red;Side;VAN
412;N/A;Black;Side;N/A
413;N/A;Beige;Side;Hatchback
414;N/A;Silver;Side;N/A
415;Other;Red;Side;Coupe
416;Fiat;Yellow;Side;VAN
417;Fiat;Yellow;Side;VAN
418;VAN;Silver;Side;N/A
419;Subaru;Blue;Front;Sedan
420;Other;Silver;Side;Sedan
421;Kia;Beige;Front;Sedan
422;Mazda;Blue;Side;Coupe
423;BMW;Green;Rear;Kombi
424;Other;Red;Front;Coupe
425;Nissan;Silver;Side;Hatchback
426;Toyota;Silver;Front;SUV
427;Honda;Silver;Front;SUV
428;Other;Sivler;Front;Sedan
429;Peugeot;Green;Front;Kombi
430;Toyota;Silver;Side;Coupe
431;Volkswagen;Black;Front;Sedan
432;Ford;Blue;Front;Hatchback
433;Lexus;White;Front;Sedan
434;Opel;Silver;Side;Sedan
435;Renault;Silver;Front;Hatchback
436;Volvo;Beige;Rear;Sedan
437;Other;Black;Side;VAN
438;Ford;Red;Front;Hatchback
439;BMW;Green;Side;Kombi
440;BMW;Blue;Front;Sedan
441;Mercedes;Silver;Front;Sedan
442;Other;White;Front;Sedan
443;Other;Silver;Side;Hatchback
444;N/A;Silver;Side;N/A
445;N/A;White;Side;N/A
446;N/A;Red;Side;N/A
447;N/A;Red;Side;N/A
448;N/A;Grey;Front;N/A
449;N/A;Grey;Side;Hatchback
450;N/A;Grey;Side;Hatchback
451;N/A;White;Side;N/A
452;N/A;Red;Front;Coupe
453;N/A;Orange;Side;SUV
454;N/A;Blue;Front;N/A
455;N/A;White;Front;N/A
456;N/A;White;Front;N/A
457;N/A;White;Side;N/A
458;N/A;Black;Rear;N/A
459;N/A;Blue;Side;N/A
460;N/A;N/A;Others;N/A
461;N/A;Red;Front;N/A
462;N/A;White;Front;N/A
463;N/A;Silver;Side;N/A
464;N/A;Silver;Side;N/A
465;N/A;Silver;Side;N/A
466;BMW;Blue;Rear;SUV
467;N/A;Black;Front;SUV
468;Volkswagen;Silver;Side;Hatchback
469;N/A;Black;Side;Sedan
470;Volvo;Black;Front;SUV
471;Audi;Black;Side;Hatchback
472;Renault;Beige;Side;Hatchback
473;N/A;Blue;Side;Kombi
474;BMW;Silver;Front;Sedan
475;BMW;Beige;Front;N/A
476;Hyundai;Beige;Front;SUV
477;BMW;Black;Front;Hatchback
478;Other;Black;Front;Hatchback
479;N/A;Silver;Side;Hatchback
480;KIA;White;Front;SUV
481;N/A;Grey;Side;Hatchback
482;N/A;Blue;Side;SUV
483;Volkswagen;Black;Rear;SUV
484;N/A;Silver;Side;Sedan
485;Skoda;Black;Front;Hatchback
486;Opel;Beige;Side;Hatchback
487;Other;White;Front;SUV
488;N/A;Grey;Front;Hatchback
489;Seat;Black;Front;Others
490;N/A;Silver;Rear;Coupe
491;Opel;Black;Rear;Kombi
492;Mercedes;Silver;Front;SUV
493;Others;Red;Side;SUV
494;Others;Gray;Side;Sedan
495;Others;Gray;Side;Hatchback
496;Volkswagen;Black;Side;Kombi
497;Volkswagen;Black;Front;Hatchback
498;N/A;Blue;Side;SUV
499;Audi;Black;Front;Sedan
500;Hyundai;Red;Front;Kombi
501;BMW;Silver;Front;Sedan
502;Audi;Black;Front;Sedan
503;Others;White;Front;Others
504;Others;White;Front;SUV
505;N/A;White;Side;SUV
506;Audi;Black;Front;Sedan
507;Others;;Front;
508;N/A;Gray;Side;Sedan
509;Mercedes;Silver;Front;Sedan
510;Peugeot;Silver;Side;Kombi
511;Toyota;White;Front;Minibus
512;Volkswagen;Black;Side;Kombi
513;N/A;Silver;Side;Sedan
514;Others;Red;Side;Coupe
515;Others;White;Front;Kombi
516;Opel;Black;Front;Kombi
517;;;Side;N/A
518;Renault;Black;Front;Hatchback
519;N/A;Gray;Side;Kombi
520;Mercedes;Silver;Front;Sedan
521;BMW;Black;Front;N/A
522;BMW;Black;Front;Coupe
523;N/A;White;Side;SUV
524;Others;Black;Front;SUV
525;BMW;Gray;Rear;Sedan
526;Toyota;White;Front;Minibus
527;N/A;Others;Side;Coupe
528;BMW;White;Side;Sedan
529;M/A;Silver;Side;Coupe
530;BMW;White;Front;Coupe
531;Volkswagen;Silver;Front;Hatchback
532;N/A;Gray;Side;Kombi
533;Citroen;Black;Side;Kombi
534;Others;White;Front;Others
535;N/A;Gray;Side;Sedan
536;Volvo;Blue;Front;SUV
537;Opel;Black;Side;Coupe
538;Mercedes;Blue;Front;Sedan
539;Audo;Black;Side;Sedan
540;N/A;Blue;Front;Hatchback
541;N/A;Gray;Front;Hatchback
542;Skoda;Blue;Front;Coupe
543;Skoda;Blue;Front;Kombi
544;N/A;Black;Side;Hatchback
545;Ford;Blue;Front;SUV
546;Volo;White;Front;Kobi
547;Peugeot;Black;Front;N/A
548;Others;Black;Side;Others
549;Citroen;White;Side;SUV
550;Kia;Black;Front;Hatchback
551;N/A;Black;Side;Kombi
552;Mercedes;Front;Front;Sedan
553;N/A;Red;Side;Sedan
554;;;Others;
555;Toyota;White;Front;Kombi
556;Volvo;Black;Side;Kombi
557;Toyota;Gray;Front;Kombi
558;Mercedes;Black;Front;SUV
559;BMW;White;Front;Sedan
560;Skoda;Black;Front;Sedan
561;Seat;White;Front;N/A
562;Others;White;Side;Hatchback
563;Mercedes;Black;Side;Sedan
564;BMW;Black;Front;Sedan
565;Opel;Black;Side;Sedan
566;Opel;Black;Side;Kombi
567;Others;Red;Front;Hatchback
568;Opel;White;Side;Coupe
569;N/A;Black;Side;Sedan
570;Volkswagen;Gray;Front;Sedan
571;Opel;Gray;Front;Coupe
572;Ford;White;Front;Kombi
573;Mercedes;Gray;Front;Minibus
574;Ford;Others;Side;Hatchback
575;Sear;Black;Front;Hatchback
576;N/A;Gray;Side;Sedan
577;Audi;Silver;Front;Sedan
578;Audi;Black;Front;Sedan
579;BMW;Black;Front;Coupe
580;N/A;Black;Front;Sedan
581;Opel;Black;Front;Coupe
582;Skoda;Black;Front;Sedan
583;Audi;Black;Side;Coupe
584;Others;Blue;Front;Hatchback
585;Others;Blue;Rear;Hatchback
586;N/A;Red;Rear;Sedan
587;Fiat;Blue;Front;Sedan
588;N/A;Silver;Front;N/A
589;Fiat;Orange;Side;SUV
590;N/A;Silver;Front;Minibus
591;Ford;Red;Front;Others
592;Ford;Yellow;Rear;Others
593;Ford;Blue;Front;Others
594;N/A;Silver;Side;SUV
595;N/A;Red;Side;Coupe
596;Others;Yellow;Front;Coupe
597;Others;White;Front;SUV
598;Others;Blue;Front;Hatchback
599;N/A;Blue;Side;Kombi
600;Honda;White;Side;SUV
601;Honda;White;Side;SUV
602;Honda;Red;Front;N/A
603;N/A;Orange;Rear;Coupe
604;N/A;;Front;
605;Others;White;Front;Others
606;;;Others;
607;Others;Red;Front;Coupe
608;Others;Silver;Front;Coupe
609;Others;Black;Front;MPV
610;Others;Red;Front;Coupe
611;Others;Gray;Front;N/A
612;N/A;Beige;Side;Kombi
613;N/A;Beige;Rear;Kombi
614;N/A;White;Side;N/A
615;N/A;Red;Rear;Others
616;Fiat;Orange;Front;SUV
617;;;Others;
618;Others;White;Front;N/A
619;Others;Blue;Rear;SUV
620;N/A;Black;Side;Coupe
621;Others;Black;Front;N/A
622;Others;Gray;Rear;SUV
623;Others;Silver;Rear;Hatchback
624;Others;Blue;Rear;Coupe
625;Others;Red;Side;Hatchback
626;Others;Black;Rear;Others
627;Ford;Gray;Front;Minibus
628;;;Others;
629;;;Others;
630;Black;N/A;Side;Kombi
631;N/A;Blue;Side;Others
632;N/A;Blue;Front;N/A
633;N/A;Others;Side;N/A
634;Kia;Silver;Rear;Kombi
635;;;Others;
636;N/A;White;Side;Kombi
637;Kia;Black;Rear;SUV
638;N/A;Red;Rear;Others
639;;;Rear;
640;N/A;Beige;Side;SUV
641;Skoda;Gray;Rear;Coupe
642;Skoda;Orange;Rear;Coupe
643;N/A;White;Side;N/A
644;N/A;Beige;Side;N/A
645;Volkswagen;Red;Rear;Hatchback
646;N/A;Red;Side;Kombi
647;N/A;Blue;Side;Kombi
648;N/A;Blue;Side;Kombi
649;N/A;Orange;Side;N/A
650;N/A;White;Rear;Hatchback
651;Others;Black;Rear;Kombi
652;N/A;Blue;Side;Sedan
653;Others;Yellow;Front;N/A
654;N/A;Gray;Rear;Kombi
655;N/A;White;Side;Coupe
656;Others;Red;Rear;N/A
657;Others;Red;Rear;Sedan
658;;;Others;
659;Others;Black;Front;N/A
660;N/A;Blue;Side;SUV
661;;;Others;
662;Front;Silver;Rear;Coupe
663;N/A;Yellow;Side;Coupe
664;Others;Gray;Rear;SUV
665;Others;Silver;Rear;SUV
666;N/A;Silver;Side;SUV
667;N/A;White;Rear;Others
668;Others;White;Front;Others
669;N/A;White;Rear;N/A
670;N/A;Red;Side;N/A
671;N/A;Others;Side;Others
672;Others;White;Front;Kombi
673;N/A;White;Side;Kombi
674;N/A;Black;Rear;Hatchback
675;N/A;White;Rear;SUV
676;N/A;White;Rear;SUV
677;Others;White;Front;Others
678;Others;Others;Front;Hatchback
679;;;Others;
680;Others;Gray;Side;N/A
681;N/A;Gray;Side;N/A
682;N/A;White;Side;N/A
683;N/A;Black;Side;Coupe
684;;;Others;
685;Others;Others;Side;Coupe
686;N/A;Red;Side;Hatchback
687;Mazda;Red;Front;SUV
688;Mazda;Black;Front;Hatchback
689;Mazda;Red;Side;N/A
690;Mazda;Red;Front;SUV
691;Mazda;White;Side;SUV
692;Mazda;Blue;Rear;Coupe
693;Mazda;Red;Front;SUV
694;Mazda;Red;Rear;SUV
695;;;Others;
696;Mercedes;Gray;Rear;Hatchback
697;Mercedes;White;Front;N/A
698;Mercedes;Black;Rear;Kombi
699;Mercedes;White;Rear;Kombi
700;Mercedes;Red;Side;Sedan
701;Mercedes;Blue;Side;Kombi
702;Mercedes;Blue;Rear;Coupe
703;Others;White;Front;Others
704;;;Others;
705;Others;Gray;Front;Coupe
706;N/A;Yellow;Side;Sedan
707;Others;Blue;Rear;Kombi
708;Others;Blue;Front;Kombi
709;Others;Others;Front;Others
710;Others;Silver;Rear;Kombi
711;N/A;Silver;Side;Kombi
712;Others;White;Front;Kombi
713;N/A;Blue;Rear;Coupe
714;N/A;White;Side;Kombi
715;N/A;Red;Front;Kombi
716;Peugeot;Silver;Rear;SUV
717;;;Others;
718;N/A;White;Rear;SUV
719;Others;Blue;Front;Kombi
720;Others;White;Front;Kombi
721;N/A;Yellow;Side;Hatchback
722;N/A;;Front;Coupe
723;Others;Others;Front;SUV
724;N/A;White;Rear;SUV
725;N/A;White;Front;SUV
726;Others;Red;Front;N/A
727;Others;Black;Rear;Others
728;Others;White;Side;SUV
729;Others;Red;Rear;SUV
730;Nissan;Blue;Front;SUV
731;Nissan;Gray;Front;N/A
732;Nissan;Orange;Rear;SUV
733;Nissan;Red;Side;N/A
734;;;Others;
735;;;Others;
736;Nissan;Gray;Front;Minibus
737;Nissan;Blue;Rear;SUV
738;Nissan;White;Front;Hatchback
739;;;Others;
740;N/A;Others;Front;Kombi
741;N/A;Gray;Side;Coupe
742;N/A;Yellow;Side;Coupe
743;N/A;Beige;Side;SUV
744;Opel;Red;Rear;Hatchback
745;N/A;Blue;Rear;Kombi
746;Honda;Red;Front;N/A
747;N/A;Red;Side;Minibus
748;N/A;White;Front;Minibus
749;N/A;Black;Side;Minibus
750;N/A;Others;Rear;Hatchback
751;N/A;White;Side;Minibus
752;N/A;Blue;Side;MPV
753;N/A;Others;Front;N/A
754;N/A;Blue;Front;N/A
755;N/A;Silver;Side;Kombi
756;N/A;White;Side;SUV
757;N/A;Blue;Side;Coupe
758;Renault;White;Rear;Coupe
759;Renault;Gray;Side;MPV
760;N/A;Silver;Side;Sedan
761;Others;White;Rear;N/A
762;N/A;Black;Others;Kombi
763;N/A;Black;Side;Sedan
764;Others;Silver;Front;Coupe
765;N/A;Silver;Side;Sedan
766;Others;Black;Rear;Sedan
767;Others;White;Front;Others
768;Others;Yellow;Front;Sedan
769;Seat;Blue;Rear;Hatchback
770;N/A;Red;Rear;SUV
771;N/A;Others;Side;Kombi
772;N/A;Blue;Side;Kombi
773;;White;Front;
774;N/A;Red;Rear;Hatchback
775;Skoda;Red;Front;Hatchback
776;Others;Black;Front;Coupe
777;N/A;Orange;Side;Kombi
778;Others;Others;Front;Coupe
779;Skoda;Others;Front;SUV
780;Skoda;Orange;Side;Hatchback
781;Skoda;Red;Side;Kombi
782;Skoda;Green;Side;Hatchback
783;Skoda;White;Rear;Coupe
784;Skoda;Red;Front;SUV
785;Skoda;Red;Front;SUV
786;Skoda;Orange;Front;SUV
787;Others;Beige;Front;Hatchback
788;Audi;Black;Front;Sedan
789;N/A;Silver;Front;N/A
790;N/A;White;Side;Hatchback
791;Others;Yellow;Front;N/A
792;Others;Black;Side;N/A
793;Others;White;Side;N/A
794;;;Others;
795;N/A;Others;Side;N/A
796;Others;Blue;Side;N/A
797;Others;Red;Side;Others
798;Others;White;Side;N/A
799;Others;Red;Rear;Coupe
800;N/A;Silver;Side;Sedan
801;N/A;Blue;Side;Others
802;N/A;Others;Side;MPV
803;;;Front;
804;N/A;Red;Front;N/A
805;N/A;White;Side;N/A
806;Others;White;Rear;SUV
807;N/A;Blue;Rear;SUV
808;;;Others;
809;BMW;Blue;Rear;SUV
810;Others;Silver;Front;Sedan
811;Others;Blue;Side;Coupe
812;N/A;Silver;Front;Coupe
813;N/A;Silver;Front;Coupe
814;N/A;Others;Side;Kombi
815;N/A;Black;Side;SUV
816;Others;Blue;Front;SUV
817;Others;White;Front;SUV
818;Others;Blue;Rear;SUV
819;N/A;Silver;Front;Coupe
820;N/A;Silver;Side;Kombi
821;N/A;Red;Side;Coupe
822;N/A;White;Rear;Hatchback
823;Others;Gray;Rear;N/A
824;Others;Gray;Rear;N/A
825;;;Rear;
826;Seat;Yellow;Rear;SUV
827;N/A;Black;Front;SUV
828;N/A;Blue;Side;Kombi
829;Seat;White;Front;SUV
830;N/A;Red;Rear;Hatchback
831;Others;Red;Others;Coupe
832;Others;Yellow;Front;Others
833;N/A;Black;Side;Coupe
834;N/A;White;Side;N/A
835;N/A;White;Front;Coupe
836;N/A;Gray;Rear;Hatchback
837;Others;Red;Front;Sedan
838;Toyota;Silver;Rear;Coupe
839;N/A;Red;Rear;Coupe
840;;;Front;
841;;;Front;
842;Toyota;Black;Rear;Hatchback
843;Others;Black;Front;SUV
844;N/A;Others;Side;SUV
845;N/A;Others;Side;SUV
846;N/A;Purple;Front;N/A
847;Volkswagen;Gray;Front;N/A
848;N/A;Blue;Side;SUV
849;Others;Blue;Rear;SUV
850;Volkswagen;Red;Front;Hatchback
851;;;Others;
852;N/A;White;Side;Kombi
853;N/A;White;Rear;Kombi
854;Skoda;Silver;Rear;Sedan
855;N/A;White;Side;Coupe
856;N/A;Black;Rear;Kombi
857;Others;Blue;Rear;Kombi
858;Others;White;Rear;Kombi
859;Others;Beige;Front;Sedan
860;N/A;Others;Side;Coupe
861;N/A;Black;Side;Sedan
862;BMW;Silver;Rear;Sedan
863;BMW;Blue;Front;SUV
864;Others;Silver;Front;SUV
865;Others;Black;Rear;Others
866;BMW;Gray;Rear;Hatchback
867;BMW;Blue;Front;Sedan
868;N/A;White;Front;Coupe
869;N/A;Silver;Side;Kombi
870;N/A;Black;Side;Sedan
871;BMW;Red;Front;SUV
872;BMW;Black;Front;SUV
873;Others;Others;Front;Coupe
874;N/A;Orange;Rear;SUV
875;N/A;White;Side;Sedan
876;;;Front;
877;Others;Blue;Rear;N/A
878;Others;White;Front;SUV
879;Others;Black;Rear;SUV
880;Others;Black;Front;Coupe
881;Others;Red;Front;Coupe
882;N/A;Orange;Side;Hatchback
883;N/A;Silver;Side;Others
884;N/A;Others;Side;N/A
885;N/A;Orange;Side;Hatchback
886;N/A;Blue;Side;N/A
887;N/A;Blue;Front;N/A
888;Others;Black;Rear;SUV
889;Others;Yellow;Rear;Others
890;Others;Blue;Front;Hatchback
891;;;Side;
892;Citroen;Black;Front;N/A
893;Citroen;Blue;Front;SUV
894;Citroen;Others;Front;MPV
895;;;Others;
896;N/A;Black;Side;Hatchback
897;N/A;;Others;N/A
898;N/A;Red;Front;SUV
899;N/A;Blue;Front;N/A
900;Citroen;Orange;Side;Hatchback
901;Others;Others;Front;Coupe
902;N/A;Orange;Front;N/A
903;;White;Side;Minibus
904;Toyota;White;Rear;Hatchback
905;;;Side;
906;Others;Blue;Side;Hatchback
907;Others;White;Rear;SUV
908;;;Others;
909;N/A;Black;Side;Kombi
910;N/A;Silver;Side;Kombi
911;;;Front;
912;Others;White;Front;Hatchback
913;N/A;Gray;Side;SUV
914;Others;Orange;Front;SUV
915;Others;Blue;Front;Hatchback
916;N/A;Red;Side;Kombi
917;;;Others;
918;Others;White;Rear;SUV
919;;;Others;
920;Others;Silver;Front;SUV
921;Others;Silver;Rear;SUV
922;;;Others;
923;N/A;Others;Side;Kombi
924;N/A;Silver;Side;Coupe
925;Others;White;Rear;Coupe
926;N/A;Red;Front;Others
927;Others;Red;Side;Coupe
928;;;Others;
929;Fiat;White;Side;Minibus
930;N/A;Red;Side;Hatchback
931;Fiat;Black;Front;Kombi
932;Fiat;Black;Rear;Hatchback
933;Fiat;Orange;Front;N/A
934;Others;Gray;Rear;Hatchback
935;N/A;Others;Side;Hatchback
936;Others;Silver;Rear;Hatchback
937;Others;Blue;Rear;Sedan
938;;;Others;
939;N/A;Black;Side;Kombi
940;;;Others;
941;N/A;Others;Rear;Hatchback
942;N/A;Gray;Side;Hatchback
943;;;Side;
944;;;Others;
945;Kia;Gray;Front;SUV
946;Kia;Silver;Rear;Hatchback
947;N/A;Orange;Front;N/A
948;N/A;Silver;Front;SUV
949;N/A;Gray;Side;N/A
950;N/A;Orange;Side;Coupe
951;N/A;White;Side;Hatchback
952;;;Others;
953;Others;Red;Rear;Hatchback
954;N/A;Blue;Rear;Kombi
955;N/A;Blue;Side;Kombi
956;;;Others;
957;Others;Black;Rear;MPV
958;N/A;Silver;Side;Kombi
959;;;Side;
960;Others;Gray;Front;N/A
961;Others;Red;Front;N/A
962;;;Others;
963;;;Others;
964;Others;Yellow;Front;Coupe
965;N/A;Beige;Side;Kombi
966;Others;White;Rear;Kombi
967;;;Front;
968;;;Front;
969;N/A;Silver;Rear;Others
970;Others;White;Front;Coupe
971;N/A;White;Rear;Others
972;Others;Orange;Rear;SUV
973;Others;Others;Front;MPV
974;Ford;Blue;Rear;SUV
975;N/A;White;Side;SUV
976;N/A;Silver;Rear;SUV
977;N/A;Blue;Side;N/A
978;N/A;White;Side;Hatchback
979;N/A;Others;Front;Minibus
980;Others;Silver;Front;Coupe
981;N/A;White;Rear;Hatchback
982;Others;White;Side;Coupe
983;N/A;Silver;Side;N/A
984;N/A;White;Side;Hatchback
985;N/A;Black;Side;Sedan
986;N/A;Black;Side;N/A
987;Mazda;Red;Front;SUV
988;Opel;Red;Rear;Hatchback
989;Mazda;Black;Front;Hatchback
990;N/A;Blue;Front;Coupe
991;Mazda;Red;Front;Hatchback
992;N/A;Red;Front;SUV
993;Mazda;Red;Front;SUV
994;Mazda;Red;Front;Hatchback
995;N/A;White;Side;Kombi
996;N/A;White;Side;Coupe
997;N/A;Silver;Side;Kombi
998;Mercedes;White;Front;SUV
999;Mercedes;Red;Front;Sedan
1000;Others;White;Front;Hatchback
1001;;;Others;
1002;Others;Blue;Rear;Hatchback
1003;Others;Yellow;Front;Kombi
1004;N/A;Blue;Front;N/A
1005;Others;Blue;Front;Kombi
1006;Others;White;Front;Kombi
1007;Others;White;Front;Hatchback
1008;Others;White;Rear;Kombi
1009;Others;Others;Front;N/A
1010;Nissan;Red;Rear;Kombi
1011;Others;Gray;Front;Coupe
1012;Others;White;Front;SUV
1013;N/A;Blue;Side;Hatchback
1014;N/A;Yellow;Side;Hatchback
1015;Others;White;Front;Hatchback
1016;;;Others;
1017;Others;Red;Rear;Hatchback
1018;;;Others;
1019;;;Others;
1020;Others;Red;Rear;SUV
1021;Nissan;Blue;Front;N/A
1022;N/A;Gray;Rear;Hatchback
1023;Nissan;Red;Rear;SUV
1024;Nissan;Red;Front;N/A
1025;Nissan;;Others;
1026;N/A;Blue;Side;Hatchback
1027;;;Side;
1028;Nissan;Yellow;Rear;Coupe
1029;N/A;Yellow;Front;SUV
1030;Renault;Red;Rear;Hatchback
1031;N/A;Blue;Side;Kombi
1032;N/A;White;Side;Minibus
1033;Peugeot;Black;Rear;Minibus
1034;Others;Others;Rear;Coupe
1035;Peugeot;White;Front;Minibus
1036;N/A;Silver;Side;Coupe
1037;N/A;White;Side;N/A
1038;N/A;Blue;Rear;N/A
1039;N/A;Gray;Side;MPV
1040;N/A;Blue;Side;Coupe
1041;Others;Blue;Front;N/A
1042;N/A;Black;Front;N/A
1043;Others;Black;Side;N/A
1044;N/A;Silver;Rear;Sedan
1045;N/A;Black;Side;Sedan
1046;N/A;Gray;Side;Sedan
1047;N/A;Blue;Rear;Hatchback
1048;N/A;Red;Side;N/A
1049;Seat;Others;Rear;Hatchback
1050;N/A;Gray;Side;Hatchback
1051;N/A;Red;Side;N/A
1052;N/A;Red;Side;Hatchback
1053;Skoda;Orange;Rear;Hatchback
1054;Skoda;Others;Rear;Coupe
1055;Skoda;Orange;Front;Hatchback
1056;Skoda;;Others;
1057;Skoda;Others;Rear;Coupe
1058;N/A;White;Side;Coupe
1059;;;Rear;
1060;;;Others;
1061;N/A;Black;Side;Coupe
1062;;;Side;
1063;Others;Yellow;Front;N/A
1064;Others;Gray;Front;Kombi
1065;Others;Black;Side;Others
1066;Others;Beige;Front;N/A
1067;N/A;Blue;Front;N/A
1068;Others;Black;Side;N/A
1069;Others;Blue;Side;Hatchback
1070;N/A;Beige;Side;Hatchback
1071;N/A;Blue;Side;Hatchback
1072;N/A;Beige;Side;MPV
1073;Others;Blue;Rear;Hatchback
1074;;;Side;
1075;N/A;White;Side;Kombi
1076;;;Others;
1077;N/A;Blue;Front;N/A
1078;N/A;Red;Front;SUV
1079;Others;Black;Front;SUV
1080;N/A;Others;Side;Kombi
1081;Others;Red;Rear;Sedan
1082;N/A;Blue;Rear;SUV
1083;N/A;Silver;Side;Coupe
1084;Others;Others;Rear;SUV
1085;;;Rear;
1086;Others;Red;Front;SUV
1087;Others;White;Front;N/A
1088;Others;Red;Rear;Hatchback
1089;N/A;White;Side;N/A
1090;;;Others;
1091;Others;Blue;Rear;Hatchback
1092;;;Rear;
1093;Others;Yellow;Side;Kombi
1094;Seat;Gray;Front;Hatchback
1095;N/A;White;Side;Kombi
1096;N/A;Red;Side;Kombi
1097;N/A;Red;Side;Kombi
1098;Others;Red;Rear;Coupe
1099;N/A;Silver;Side;Coupe
1100;N/A;Blue;Side;N/A
1101;Others;Blue;Front;N/A
1102;Toyota;Silver;Front;Hatchback
1103;Toyota;Black;Rear;Coupe
1104;N/A;Red;Side;Coupe
1105;Others;Red;Side;Hatchback
1106;N/A;Others;Side;Hatchback
1107;N/A;Others;Side;Hatchback
1108;Volkswagen;Others;Front;Kombi
1109;Volkswagen;Others;Front;Hatchback
1110;N/A;Black;Others;N/A
1111;Volkswagen;Gray;Front;Kombi
1112;N/A;Blue;Side;SUV
1113;N/A;Red;Side;Hatchback
1114;;;Others;
1115;Volvo;White;Front;SUV
1116;Volvo;White;Front;Hatchback
1117;N/A;Blue;Side;Kombi
1118;Others;Gray;Rear;Coupe
1119;Others;Beige;Rear;Kombi
1120;Others;Others;Side;N/A
1121;N/A;Black;Side;Sedan
1122;N/A;Black;Side;Coupe
1123;BMW;Blue;Rear;Kombi
1124;;;Side;
1125;BMW;Blue;Rear;Hatchback
1126;N/A;White;Side;Kombi
1127;N/A;Black;Front;N/A
1128;BMW;Red;Front;Hatchback
1129;Others;Red;Side;Coupe
1130;Others;Orange;Front;Hatchback
1131;;;Others;
1132;Others;White;Front;SUV
1133;Others;Blue;Front;Hatchback
1134;N/A;Black;Side;Hatchback
1135;Others;Red;Front;Coupe
1136;;;Others;
1137;N/A;Silver;Side;Coupe
1138;;;Side;
1139;Others;Orange;Front;N/A
1140;Others;Blue;Front;Hatchback
1141;Others;Black;Rear;SUV
1142;N/A;Black;Front;N/A
1143;Others;Blue;Front;Kombi
1144;Citroen;Gray;Front;MPV
1145;N/A;Silver;Front;Minibus
1146;Citroen;Red;Rear;SUV
1147;Others;Others;Front;Hatchback
1148;;;Others;
1149;N/A;White;Side;SUV
1150;;;Front;
1151;Others;Blue;Front;Hatchback
1152;Others;White;Front;SUV
1153;N/A;Silver;Side;Hatchback
1154;Others;Blue;Front;SUV
1155;;;Side;
1156;;;Others;
1157;N/A;Orange;Rear;Hatchback
1158;N/A;Blue;Front;N/A
1159;Others;Red;Front;N/A
1160;N/A;Black;Side;N/A
1161;N/A;White;Side;N/A
1162;Others;Silver;Rear;Hatchback
1163;;;Side;
1164;Others;Silver;Side;Coupe
1165;;;Others;
1166;Others;White;Front;Coupe
1167;;;Others;
1168;Others;Red;Side;Coupe
1169;;;Others;
1170;Fiat;Gray;Front;Minibus
1171;Others;White;Side;Hatchback
1172;Others;Gray;Side;Kombi
1173;N/A;White;Side;Hatchback
1174;Fiat;Orange;Front;Hatchback
1175;Fiat;Blue;Front;Kombi
1176;Kia;Blue;Front;SUV
1177;N/A;;Side;SUV
1178;N/A;Orange;Front;N/A
1179;N/A;White;Side;Kombi
1180;Others;White;Front;Hatchback
1181;N/A;Blue;Side;Kombi
1182;Others;Black;Front;Kombi
1183;Others;Gray;Rear;MPV
1184;Others;Beige;Front;Hatchback
1185;N/A;Black;Front;MPV
1186;N/A;Beige;Side;Kombi
1187;;;Others;
1188;;;Front;
1189;Others;Gray;Front;SUV
1190;Others;Others;Front;SUV
1191;Others;White;Front;MPV
1192;N/A;White;Side;Kombi
1193;N/A;White;Side;Kombi
1194;N/A;White;Side;Kombi
1195;N/A;Yellow;Side;Hatchback
1196;Others;White;Rear;Coupe
1197;N/A;Silver;Side;Kombi
1198;Others;White;Rear;Hatchback
1199;Others;Red;Rear;Hatchback
1200;Mazda;Red;Front;SUV
1201;Mazda;Black;Rear;Hatchback
1202;Mazda;Red;Front;Hatchback
1203;N/A;Gray;Front;Sedan
1204;Mazda;Red;Rear;Hatchback
1205;N/A;White;Side;Coupe
1206;N/A;Silver;Side;Kombi
1207;N/A;Blue;Front;Hatchback
1208;;;Others;
1209;Others;Blue;Front;Hatchback
1210;Others;Yellow;Front;Hatchback
1211;Others;Blue;Front;Kombi
1212;N/A;Others;Rear;Kombi
1213;Others;White;Side;Kombi
1214;Others;Black;Rear;Kombi
1215;Others;Red;Rear;Hatchback
1216;;;Side;
1217;N/A;Black;Side;SUV
1218;N/A;Gray;Side;Coupe
1219;Nissan;Blue;Rear;Hatchback
1220;N/A;Red;Side;N/A
1221;N/A;White;Side;N/A
1222;;;Others;
1223;N/A;Others;Front;Hatchback
1224;Volvo;Yellow;Front;Coupe
1225;N/A;Beige;Side;Hatchback
1226;;;Side;
1227;N/A;Red;Side;Minibus
1228;;;Others;
1229;N/A;Blue;Side;Minibus
1230;Others;Gray;Rear;Coupe
1231;Renault;White;Rear;SUV
1232;N/A;Blue;Side;N/A
1233;N/A;White;Side;Kombi
1234;Renault;White;Front;Coupe
1235;Renault;Silver;Front;MPV
1236;Seat;Red;Rear;Hatchback
1237;N/A;Black;Side;Kombi
1238;N/A;Others;Side;N/A
1239;N/A;Orange;Side;Hatchback
1240;Skoda;Others;Rear;Coupe
1241;N/A;White;Side;Coupe
1242;Skoda;Red;Front;Kombi
1243;;;Others;
1244;N/A;Silver;Side;Others
1245;N/A;White;Side;Hatchback
1246;Others;Black;Side;Others
1247;N/A;Silver;Side;N/A
1248;N/A;Others;Side;N/A
1249;N/A;Red;Side;N/A
1250;Others;White;Front;N/A
1251;Others;White;Side;Hatchback
1252;N/A;Silver;Side;SUV
1253;N/A;Red;Front;Kombi
1254;;;Rear;
1255;N/A;Others;Side;SUV
1256;Toyota;White;Front;SUV
1257;Seat;Orange;Front;SUV
1258;Seat;Blue;Front;SUV
1259;N/A;Blue;Rear;Hatchback
1260;N/A;Black;Side;Coupe
1261;Seat;White;Front;SUV
1262;N/A;Silver;Side;Coupe
1263;N/A;White;Side;Coupe
1264;Others;White;Side;Coupe
1265;Toyota;Red;Rear;Hatchback
1266;N/A;Others;Side;Hatchback
1267;;;Others;
1268;N/A;White;Side;Kombi
1269;N/A;Blue;Side;Kombi
1270;;;Others;
1271;N/A;Black;Side;Kombi
1272;Others;Red;Front;Sedan
1273;Others;Blue;Rear;Hatchback
1274;;;Side;
1275;N/A;Others;Rear;Coupe
1276;N/A;Black;Side;Sedan
1277;N/A;Blue;Side;Kombi
1278;N/A;Black;Rear;Sedan
1279;BMW;Red;Rear;SUV
1280;N/A;Black;Side;Coupe
1281;N/A;Orange;Rear;SUV
1282;Others;Silver;Rear;SUV
1283;Others;White;Rear;MPV
1284;Others;Orange;Rear;Coupe
1285;N/A;Silver;Side;Sedan
1286;N/A;Others;Side;N/A
1287;N/A;Orange;Side;Hatchback
1288;N/A;Black;Front;N/A
1289;Citroen;;Others;
1290;N/A;Gray;Side;Kombi
1291;Citroen;Red;Front;N/A
1292;N/A;White;Side;Minibus
1293;;;Others;
1294;N/A;Silver;Side;SUV
1295;;;Rear;
1296;N/A;Black;Side;Hatchback
1297;N/A;White;Front;SUV
1298;N/A;Silver;Side;SUV
1299;;;Front;
1300;Others;Red;Front;Coupe
1301;Others;Red;Front;Hatchback
1302;Fiat;Black;Front;Hatchback
1303;N/A;Orange;Side;Hatchback
1304;Fiat;Black;Front;Hatchback
1305;;;Others;
1306;N/A;Orange;Side;Hatchback
1307;Honda;Red;Front;N/A
1308;N/A;Orange;Side;Coupe
1309;;;Others;
1310;Hyundai;Others;Front;SUV
1311;Others;;Front;Hatchback
1312;;;Others;
1313;Others;Red;Front;Sedan
1314;N/A;Others;Side;Hatchback
1315;N/A;White;Side;Coupe
1316;N/A;Blue;Side;SUV
1317;;;Others;
1318;Others;Blue;Front;Hatchback
1319;N/A;Silver;Side;Kombi
1320;Others;Red;Rear;Coupe
1321;N/A;Others;Side;MPV
1322;;;Others;
1323;;;Others;
1324;Others;Black;Rear;SUV
1325;N/A;Others;Side;Kombi
1326;N/A;Silver;Side;Kombi
1327;Kia;;Others;
1328;N/A;;Side;Kombi
